{
  "num_classes": 5,
  "class_colors": [
    [
      0,
      0,
      0
    ],
    [
      0,
      0,
      255
    ],
    [
      255,
      0,
      0
    ],
    [
      255,
      255,
      0
    ],
    [
      255,
      255,
      255
    ]
  ],
  "class_indices": {
    "0_0_0": 0,
    "0_0_255": 1,
    "255_0_0": 2,
    "255_255_0": 3,
    "255_255_255": 4
  },
  "class_weights": [
    0.009350652314636386,
    0.7212543887929148,
    1.51663834672165,
    2.6146284247129303,
    0.13812818745786878
  ],
  "class_pixel_counts": {
    "0": 371325994,
    "1": 4814030,
    "2": 2289366,
    "3": 1327967,
    "4": 25137087
  },
  "total_analyzed_pixels": 404894444
}